"AICc"	"Delta_AICc"	"AICcWt"	"K_rates"
"bt_1_eq"	58.1599170498609	0	0.660097063076848	1
"bt_1_ard"	60.2315090952337	2.07159204537284	0.234297310550219	2
"bt_2_eq"	62.1648831540762	4.00496610421527	0.0891128761378841	4
"bt_2_ard"	65.5736995717359	7.41378252187496	0.0162078489588636	2
"bt_3_eq"	73.701766304463	15.5418492546021	0.000278444161276799	9
"bt_3_ard"	81.2298361678786	23.0699191180177	6.45711490853108e-06	2
