"AICc"	"Delta_AICc"	"AICcWt"	"K_rates"
"bt_1_eq"	197.354680701454	4319.03352842258	0	1
"bt_1_sym"	206.710895789568	4328.3897435107	0	10
"bt_1_ard"	230.86531888144	4352.54416660257	0	20
"bt_2_eq"	203.95785483537	4325.6367025565	0	4
"bt_2_sym"	250.009246223045	4371.68809394418	0	22
"bt_2_ard"	416.749295245043	4538.42814296617	0	42
"bt_3_eq"	216.563915443796	4338.24276316493	0	9
"bt_3_sym"	347.067938341036	4468.74678606217	0	36
"bt_3_ard"	-4121.67884772113	0	1	66
